Timestamp,Have you played in RD2L Before?,Nomination round,Nominated by,Winner,Cost,Steam Name,Reddit Username,Discord ID,Dotabuff Link,Season 2 Medal (Current),Season 2 Medal Star (Current),Season 1 Highest Medal ,Season 1 Highest Medal,MMR Screenshot,Captain?,Pos1,Pos2,Pos3,Pos4,Pos5,Player Comments for Captains:,Solo MMR,Party MMR,Adjusted MMR,Rank (Season 1)
7/2/2018 19:38:42,EST-MON,14,sonnegod,bambino,475,logical,farkle789,Logical#9827 ,https://www.dotabuff.com/players/189892277/,Ancient,5,Divine,2,https://i.imgur.com/1E4TT9X.jpg,Yes - Division 2,1,5,1,1,1,highly recommend letting me drop to div 2,5006,5512,5259,72
7/2/2018 19:28:02,EST-MON,5,ploopy,bambino,420,Potato Farmer,Macderp89,Potato Farmer,https://www.dotabuff.com/players/70428557,Divine,4,Divine,5,https://imgur.com/a/PmlRynQ,No,5,1,1,3,3,5.5k (lul) carry playur,5584,5345,5584,75
7/3/2018 13:26:02,EST-MON,,,bambino,69,K-STIGS,kstigs,kstigs#0200,https://www.dotabuff.com/players/16460913,Ancient,5,Ancient,5,https://i.imgur.com/zsQ48NM.png,Only if Really Needed,3,1,5,1,2,Offlaner. Known hero puddle. Will be away July 14-22 (think this means I can't captain).,,5076,5076,65
7/3/2018 13:33:21,PST-SUN,,bambino,bambino,15,Treebeard,thescynic,Treebeard#1438,https://www.dotabuff.com/players/95576973,Ancient,5,Ancient,5,https://imgur.com/a/jMdGDbf,No,3,1,4,3,3,Party mmr gamer god bless,,4903,4903,65
7/2/2018 22:17:53,PST-SUN,2,matieu,glacius,340,torn,torn,torn,https://www.dotabuff.com/players/85812599,Divine,4,Divine,5,cant access pc for a while I was like 5535,Yes - Division 3,1,1,1,1,1,,,,#DIV/0!,75
7/11/2018 21:25:59,EST-MON,1,glacius,glacius,300,mjawn,mjawn2,mjawn#8188,https://www.dotabuff.com/players/46398245,Ancient,5,Divine,4,https://imgur.com/a/uPJv3UT,No,5,3,5,5,5,,,,#DIV/0!,74
7/2/2018 20:21:47,EST-MON,,riles,glacius,260,Pressure,asd,Pressure#3727,https://www.dotabuff.com/players/96493553,Ancient,3,Divine,3,https://imgur.com/a/f7yNzBw,No,3,3,5,5,3,,,4668,4668,73
7/9/2018 4:54:22,EST-MON,17,glacius,glacius ,100,Ye QIu,/u/Boelens,Boelens#2017,https://www.dotabuff.com/players/44742734,Divine,2,Divine,5,https://imgur.com/a/Ln8lYVE,No,5,3,3,4,5,"EU, 80 ping to US. play 1 and 5 mostly.",,,#DIV/0!,75
7/2/2018 18:58:27,SEAL,3,shea dr,matieu,470,ryrk,qkfire,citizenfive#0213,https://www.dotabuff.com/players/40630452,Unranked,5,Divine,5,uncalibrated,No,1,1,1,3,3,washed up retiree makin a comeback,3311,4089,3700,75
7/10/2018 20:49:51,PST-SUN,13,ploopy,matieu,460,UltraGunner,UltraGunner,UltraGunner#4179,http://www.dotabuff.com/players/106670947,Immortal,5,Divine,5,https://cdn.discordapp.com/attachments/248338717360652289/466405373629300736/unknown.png,Only if Really Needed,5,5,1,1,1,"PST player, EST merc",,,#DIV/0!,75
7/7/2018 17:34:49,EST-MON,,,matieu,2,Low Expectations,Deadshot92,Low Expectations,https://www.dotabuff.com/players/105461157,Ancient,5,Divine,1,"4850 solo , 4910 party",No,1,1,2,5,4,"130 ping, eu, dog",,,#DIV/0!,71
7/2/2018 18:57:51,PST-SUN,,,matieu,1,smack,farkle789,smack #6969,https://www.dotabuff.com/players/157808123,Ancient,3,Divine,0,https://imgur.com/a/LsWb4aS,No,5,5,5,5,5,haha xd,4582,4245,4582,70
7/2/2018 19:15:05,PST-SUN,11,shea dr,ploopy,490,Osis,Asherasdf,Osis?#9507,https://www.dotabuff.com/players/75864841,Ancient,5,Divine,5,https://imgur.com/26tjcS6,No,2,1,5,1,1,hi,,4992,4992,75
7/2/2018 20:14:50,PST-SUN,19,poonani,ploopy,300,109iscute,109iscute,1.09#3577,https://www.dotabuff.com/players/121187617,Divine,4,Divine,5,https://i.imgur.com/aL1iZon.jpg,No,5,4,3,4,1,plz draft me if you have a soothing voice,5533,,5533,75
7/2/2018 20:22:22,PST-SUN,9,glacius,ploopy,200,noah,nhslogger,noah,https://dotabuff.com/players/179797442,divine ,2,divine,2,.I.,Only if Really Needed,1,1,1,1,1,only willing to play jungle in div 4,,,#DIV/0!,72
7/9/2018 21:12:56,PST-SUN,,,ploopy,10,BEN BIRD,keyboardluvr69,Benbird#1023,https://www.dotabuff.com/players/175696649,Ancient,1,Ancient,4,https://imgur.com/a/fUIQrKz,Yes - Division 2,4,4,4,5,1,BENBIRD HERE TO PLAY DOTA 2 ,4285,2764,4285,64
7/2/2018 22:29:50,EST-MON,6,bambino,poonani,450,Terpcasl,rct94,Terpcasl,https://www.dotabuff.com/players/147508676,Unranked,0,Divine,5,https://i.imgur.com/Fq4uElF.png,No,1,1,1,1,1,:pray: Legend 5 :pray:,,,#DIV/0!,75
7/9/2018 16:13:12,PST-SUN,16,riles,poonani,310,Polo,BlankBanshee,Polo#8745,https://www.dotabuff.com/players/67072355,Divine,5,Divine,4,https://i.imgur.com/6v4Byet.png,No,5,4,2,4,5,"The names lo, po lo",5752,5718,5752,74
7/2/2018 20:39:02,EST-SUN,,,poonani,100,NEAR,NEAR94,8922,http://www.dotabuff.com/,Divine,2,Divine,5,5255,No,4,3,3,1,1,tiny winner carried by auto attacks. ,,,#DIV/0!,75
7/2/2018 20:05:04,PST-SUN,,,poonani ,100,procarbine,procarbine,procarbine#3428,https://www.dotabuff.com/players/64745357,Unranked,0,Divine,1,https://i.imgur.com/WiEXIMo.png,No,3,2,4,2,3,,,,#DIV/0!,71
7/2/2018 19:08:29,EST-MON,4,poonani,riles,600,Dark,darkseulgi,Dark,https://www.dotabuff.com/players/79247165,Divine,1,Divine,2,https://imgur.com/4upm4u8,Only if Really Needed,4,5,2,2,1,PLEASE DON'T OVERBID ME THANKS FOR LISTENING,5105,5462,5283.5,72
7/11/2018 13:11:13,EST-MON,12,poonani,riles,360,King Scal,idk,bscal#1175,https://www.dotabuff.com/players/47024188,Immortal,0,Divine,5,imgur broke,No,5,1,1,5,4,,,,,75
7/4/2018 0:24:02,EST-MON,,,riles,1,Verve,rhasta_la_vista,Verve#9711,https://www.dotabuff.com/players/86828968,Unranked,0,Ancient,4,https://imgur.com/FNl1WMF,No,3,1,3,3,3,where rixhouse,,,#DIV/0!,64
7/4/2018 12:51:58,EST-SUN,,,riles ,39,Vanilla Acoustic,bobobby999,airborneman#6031,https://www.dotabuff.com/players/83663086,Ancient,5,Ancient,5,https://imgur.com/77PAHpU,Yes - Division 3,2,1,3,4,4,no longer 5k gg,,4939,4939,65
7/10/2018 19:13:16,EST-MON,10,matieu,shea,400,Paradise ,-ParadiseDota,Paradise#2894,https://www.dotabuff.com/players/117071713,Immortal,5,Divine,5,5.94,No,3,1,1,5,4,ONLY PLAYING POSITION 4 TY VERY MUCH,,,#DIV/0!,75
7/2/2018 20:15:16,EST-MON,8,riles,shea,300,Cuzi,cuzed,cuzi#0375,https://www.dotabuff.com/players/72640212,Divine,5,Divine,5,https://i.imgur.com/6y6fSXU.png,No,5,5,5,5,1,GOD GAMER,6013,2778,6013,75
7/4/2018 3:42:19,PST-SUN,,,shea,240,Docayaya,Docayaya,Doca,https://www.dotabuff.com/players/70281146,Divine,1,Divine,5,https://imgur.com/bSF6foO,No,5,5,1,1,1,I don't get shivas on alchemist,,,#DIV/0!,75
7/4/2018 0:10:27,EST-SUN,15,bambino,shea,60,Malakai,Logiebeast,Tommy Shelby #4630,https://www.dotabuff.com/players/137012744,Immortal,5,Divine,5,https://gyazo.com/d7dbec2582a4731514450d1c0decfcbe,Only if Really Needed,4,4,4,4,5,I wanna play pos 5 or funky offlaners,6005,2498,6005,75
7/2/2018 19:46:55,EST-SUN,6,sonnegod,sonnegod,325,velvet,ANGRYCHINAPANDA,velvet#1600,https://www.dotabuff.com/players/94333906,Divine,4,Divine,5,https://i.gyazo.com/aca8e7a2416a44c5ccfd025222fb9669.png,No,5,5,3,5,5,"I sexually Identify as a 4k player. Ever since I was a boy I dreamed of soaring over the rosh pit dropping spells on empty ground. People say to me that a person staying a 4k is Impossible and I’m fucking retarded but I don’t care, I’m beautiful. I’m having a surgeon remove my frontal lobe, 6 fingers, and both of my eyes. From now on I want you guys to call me 4k and respect my right to feed and generally be a useless fuck. If you can’t accept me you’re an mmr-phobe and need to check your mmr privilege. Thank you for being so understanding.",5660,4326,5660,75
7/3/2018 15:05:19,PST-SUN,,shea,sonnegod,265,Linkdx,linkdix,Linkdx #5089,https://www.dotabuff.com/players/33579516,Divine,5,Divine,5,,No,5,4,5,4,4,I suck,,,#DIV/0!,75
7/11/2018 11:08:27,EST-MON,18,matieu,sonnegod,265,Lth,Longtannhandsome,Zenth ,https://www.dotabuff.com/players/65698684,Divine,1,Divine,2,,No,3,1,5,5,5,5k solo 4.8k party mobile sign up no ss me honorable ,,,#DIV/0!,72
7/7/2018 18:53:53,EST-MON,,sonnegod,sonnegod,145,BBTM,Pockii,BBTM#8187,https://www.dotabuff.com/players/59381601,Divine,3,Divine,0,i send later,No,5,3,4,4,4,,,,#DIV/0!,70
7/7/2018 1:48:01,No (Hullcity associate),,,,,cellomello,cellomelloo,cello_mello,https://www.dotabuff.com/players/213179843,Divine,3,Divine,5,"5,192 solo 4,602 party coudnt figure how to get imgur to work",No,4,4,4,3,1,hi,,,#DIV/0!,75
7/2/2018 23:32:27,EST-MON,,,,,Ari*,Aristar,Aristar#4619,https://www.dotabuff.com/players/176024377,Ancient,5,Divine,4,I will get this next week when I get home,No,2,1,1,1,1,I would really like to play in division 3.,,,#DIV/0!,74
7/6/2018 18:27:30,EST-MON,,,,,aboxcar,aboxcar,BoX#0893,https://www.dotabuff.com/players/108843799,Divine,1,Divine,3,,No,3,3,3,2,3,I don't get along well with negative or toxic people,,,#DIV/0!,73
7/2/2018 19:19:55,EST-SUN,,,,,Mr.Brightside,ShinyPikachu321,MrBrightside#3660,https://www.dotabuff.com/players/118394602,Divine,1,Divine,3,https://imgur.com/wSVIhfD,Only if Really Needed,3,2,2,4,5,I'm a support playing through and through  - currently play mid for skip's rd2l team and it's definitely not great. I have an extremely wide hero pool (except for ES) and am very willing to work and improve.,5007,4357,5007,73
7/7/2018 1:49:26,EST-SUN,,,,,HullCity07,hullcity07,HullCity07#5572,https://www.dotabuff.com/players/176954683,Ancient,5,Divine,2,,Yes - Division 2,1,2,4,5,3,I'm a happy-go-lucky guy who just wants to have a good time. And I'm into bumholes and clits,,,#DIV/0!,72
7/4/2018 5:15:55,PST-SUN,,,,,polo5885,polo5885,polo5885#4197,https://www.dotabuff.com/players/109428465,Divine,2,Divine,2,https://imgur.com/a/dEXqDYD,No,4,5,1,1,1,,5157,4141,5157,72
7/2/2018 21:01:11,EST-MON,,,,,sixfivenine,hgjh,659,https://www.dotabuff.com/players/107859074,Ancient,5,Divine,2,https://gyazo.com/c41d1e49cc766f1905d60e845ff0a344,No,5,1,1,1,1,not gay,4872,4605,4872,72
7/2/2018 21:40:00,EST-SUN,,,,,Rice Boi,evilhanaklaus,Rice Boi.Reformed#2812,https://www.dotabuff.com/players/82546205,Ancient,5,Divine,2,https://imgur.com/a/XZJstXk,Only if Really Needed,1,5,1,1,1,,4813,2841,4813,72
7/11/2018 10:52:25,EST-MON,,,,,Hype,spenCzar,Hype#7943,https://www.dotabuff.com/players/53071885,Ancient,4,Divine,2,,No,5,4,3,5,3,,,,#DIV/0!,72
7/9/2018 14:56:34,EST-MON,,,,,Envi,Lolno,Envi#9544,https://www.dotabuff.com/players/58444158,Divine,1,Divine,2,5014,No,5,1,1,4,5,"Safelane player, pos 5 if div 1, pos 1 if div 2 thx",,,#DIV/0!,72
7/2/2018 19:04:37,EST-MON,,,,,Master,master11739,Master #3784,https://www.dotabuff.com/players/58644504,Ancient,5,Divine,1,,No,5,4,1,4,4,,,,#DIV/0!,71
7/7/2018 1:49:30,No hullcity associate,,,,,FatalUno,FatalUno,FatalUno#2595,https://www.dotabuff.com/players/99679579,Ancient,5,Divine,1,,No,1,3,1,5,5,Pos 4/5 Mainly. Im the fat kid that gets picked last but is actually good at the sport. FATALGOD,,,#DIV/0!,71
7/3/2018 23:28:51,EST-MON,,,,,gohan,LacquaX,gohan#0860,https://www.dotabuff.com/players/78954625,Ancient,5,Divine,1,https://imgur.com/a/ByqTiVk,No,4,5,2,1,1,"Hello I'm gohan really bad player hated by est-mon loved by est-sun. I think I'm playing a better mid than safelane atm but still pretty good, love playing against dual lanes, untiltable player",4733,4810,4771.5,71
7/5/2018 3:38:06,PST-SUN,,,,,mid or courier adventure,shadonra,shadonra,https://www.dotabuff.com/players/92001890,Ancient,5,Divine,1,https://imgur.com/a/kPmnVLh,Yes - Division 2,3,5,3,1,1,,4769,3724,4769,71
7/2/2018 21:34:47,EST-SUN,,,,,Impatience,doitwithflair,David Corgi #7816,https://www.dotabuff.com/players/119489176,Ancient,4,Divine,1,https://imgur.com/a/Y3kIjYd,Only if Really Needed,1,1,3,4,5,Rasputin - Boney M,4688,3342,4688,71
7/9/2018 18:18:14,EST-MON,,,,,Maniac,New_Maniac,Maniac#3982,https://www.dotabuff.com/players/116356617,Ancient,5,Divine,1,https://imgur.com/IlAemr6,Yes - Division 2,5,3,2,4,5,"Versatile player, Can play most positions and most heroes, always ready to learn more and improve at the game.",4906,3811,4906,71
7/2/2018 21:18:30,No (Xccepted associate),,,,,miketheguy91,miketheguy91,MikeTheGuy#2021,https://www.dotabuff.com/players/134446548,Ancient,2,Divine,0,,No,3,1,4,3,1,What is up my dudes,,,#DIV/0!,70
7/4/2018 16:38:13,EST-MON,,,,,BMTS,brkmrethnspirit,BMTS#2267,http://www.dotabuff.com/players/144563966,Ancient,4,Divine,0,https://cdn.discordapp.com/attachments/464167818556997643/464167846608502794/unknown.png,Only if Really Needed,1,3,3,5,5,,4789,4301,4789,70
7/2/2018 19:01:28,EST-MON,,,,,anbokr,anbokr,anbokr#5022,https://www.dotabuff.com/players/26595816,Ancient,4,Divine,0,https://i.imgur.com/wnrcZIG.png,No,4,2,3,3,3,hi i'm anbokr i like to play safe lane; my dotabuff winrate is hyper-inflated cuz of 5 stack unranked -- like i say in every comment i like to think i'm a good #2 guy but don't expect me to solo carry gracias ,,4755,4755,70
7/2/2018 20:20:02,EST-MON,,,,,JaCboy+,jacozy,jacoby#1559,https://www.dotabuff.com/players/364031859,Ancient,4,Divine,0,https://imgur.com/a/KRNB5Dn,No,3,3,3,3,3,"positive vibes only, i'll play any pos",4747,3481,4747,70
7/2/2018 23:02:03,EST-SUN,,,,,Strider,I_am_Magicmike,Strider,https://www.dotabuff.com/players/38463658,Ancient,4,Divine,0,https://gyazo.com/9f1cc768604f22b9b3d02cf8e9fec798,Yes - Division 2,4,4,5,4,5,"I like to scrim fairly often, I like to draft/theory craft, I can play niche mid heroes (brood, visage, dark willow). Made it to finals in season 2 mini, quarters in season 3 - both division 2. My best role is arguably offlane but I'm fairly open minded. Vocal, PMA, opinionated. Working on being less passive aggressive/vocal on mic, probably my biggest weakness as a player.  ",4699,4128,4699,70
7/4/2018 14:07:21,EST-SUN,,,,,Ricers only plays core,mabesometimesbatman,Ricerss,https://www.dotabuff.com/players/44307914,Ancient,3,Divine,0,https://imgur.com/a/ozWpINs,No,5,2,1,1,1,I hit creeps,4544,3674,4544,70
7/2/2018 20:35:35,EST-MON,,,,,Cookie,mnnellie,CooKiE?,https://www.dotabuff.com/players/15272213,Ancient,3,Divine,0,http://prntscr.com/k1toxh,No,2,2,5,5,4,"I'm an opinionated Player, full of energy, and I play toxic and goon heroes like Undying, Venomancer, Necrophos.",4506,,4506,70
7/4/2018 1:54:45,SEAL,,,,,Satan,satanondota,satan#4420,https://www.dotabuff.com/players/156115328,Ancient,2,Divine,0,https://gyazo.com/a8c416eb5d3954cfa5406402dca74994,Yes - Division 3,4,4,4,4,4,equally trash at every position probably best off drafting me if we've at least spoken to each other once,4428,,4428,70
7/2/2018 20:31:37,EST-MON,,,,,Xelfer,Xelferx,Xelfer#8162,https://www.dotabuff.com/players/86606510,Legend,5,Divine,0,https://i.imgur.com/pfZapRB.png,No,5,4,4,3,3,~~~~~~,3933,,3933,70
7/12/2018 1:45:52,EST-MON,,,,,Mikasa,richdang92,richard,https://www.dotabuff.com/players/68647529,Ancient,3,Divine,0,https://imgur.com/sYkVOtm,No,3,4,3,5,5,,,,#DIV/0!,70
7/2/2018 20:01:49,PST-SUN,,,,,MGHAPPYHOBO,redground,Happyhobo23,www.dotabuff.com/players/260316741,Ancient,2,ancient,5,https://imgur.com/a/NLHBbDz,No,2,2,5,1,1,,3491,4271,3881,65
7/2/2018 19:20:25,PST-SUN,,,,,exp,honisalive,exp#0003,https://www.dotabuff.com/players/109870877,Unranked,0,Ancient,5,uncalibrated this season,Only if Really Needed,5,5,5,5,5,me and ploopy package deal,,,#DIV/0!,65
7/2/2018 20:45:58,EST-MON,,,,,Mags,mikemagss,Mags#1289,https://www.dotabuff.com/players/60358050,Ancient,1,Ancient,5,,No,2,2,3,5,5,support player,,,#DIV/0!,65
7/3/2018 20:59:15,No (RD2L associate),,,,,emu,actualemu,emu#6113,https://www.dotabuff.com/players/80581900,Unranked,0,Ancient,5,My MMR is uncalibrated because I’ve been in Asia all month since the season updated.,No,4,4,2,4,4,I didn’t give myself any 5s because I thought that that would be really cocky and make me look like an asshole but I enjoy playing pos 1 the most pretty much put me on anything but solo offlane but offlaning is dual lanes now so i could probably do that too i think,,,#DIV/0!,65
7/3/2018 21:01:50,EST-WED,,,,,Pinktops,Pinktops,Pinktops#6347,https://www.dotabuff.com/players/155452826,Ancient,4,Ancient,5,,No,4,4,3,3,1,Division 3 player here XD,,,#DIV/0!,65
7/6/2018 19:48:23,EST-MON,,,,,PULLBACKTHEBOLT,here_comes_the_king,bolt#9886,www.dotabuff.com,Ancient,4,Ancient,5,https://imgur.com/a/ghAL4WF,Only if Really Needed,1,2,3,4,5,pos 5 ,,,#DIV/0!,65
7/8/2018 14:47:42,EST-SUN,,,,,Zamolxes,TheMrZamolxes,Zamolxes#3613,https://www.dotabuff.com/players/122929347,Ancient,4,Ancient,5,https://imgur.com/qrCeaJ1,Yes - Division 3,5,4,3,2,1,"former rd2l captain, i mostly play 1 but can do anything really. I'd still rather core",,,#DIV/0!,65
7/4/2018 3:14:03,EST-MON,,,,,Ravioli Ravioli,KTDannyCZ,Ravioli Ravioli,https://www.dotabuff.com/players/40929266,Unranked,5,Ancient,5,https://imgur.com/a/vCQokxV,No,2,1,3,4,5,lmao fake mmr,,5308,5308,65
7/4/2018 18:47:35,EST-SUN,,,,,USSGuam,USSGuam,USSGuam,https://www.dotabuff.com/players/65471020,Ancient,4,Ancient,5,https://imgur.com/a/uqqoR7y,Only if Really Needed,1,1,3,4,5,,4708,3713,4708,65
7/2/2018 20:11:41,PST-SUN,,,,,DerpyDots,DerpyDots,DerpyDots,https://www.dotabuff.com/players/158722998,Ancient,3,Ancient,5,https://imgur.com/a/yLANRKX,No,4,4,4,4,4,Division 1 laughing stock,4669,4418,4669,65
7/4/2018 16:10:17,EST-MON,,,,,Snow,/u/SnowDota,Snow#2453,https://www.dotabuff.com/players/107944284,Ancient,4,Ancient,5,https://i.imgur.com/sbYODtg.png,Yes - Division 2,1,3,5,4,2,Just want a friendly team no flame ty,4667,,4667,65
7/3/2018 20:25:06,EST-MON,,,,,Jess,fuck_this_system,Jess#8401,https://www.dotabuff.com/players/452360511,Ancient,3,Ancient,5,https://i.imgur.com/RIAD9IU.png,No,5,1,1,1,1,I couldn't be any gayer and deader if I sucked some dick and committed suicide,4564,3546,4564,65
7/2/2018 20:31:28,EST-SUN,,,,,Nullagon 初音ミク,u/Nullagon,Nullagon#6135,https://www.dotabuff.com/players/59155507,Ancient,4,Ancient,5,https://i.imgur.com/AHPqovi.png,No,5,2,2,5,5,Not a lifestealer gyro or troll player (at all) but will play literally everything else,4343,4766,4554.5,65
7/2/2018 19:22:57,EST-SUN,,,,,inkogn!to,stimmedup,inkognito#5403,https://www.dotabuff.com/players/273226888,Ancient,2,Ancient,5,https://imgur.com/jEq9AAu,No,1,1,3,5,5,,4510,3056,4510,65
7/2/2018 19:23:25,EST-SUN,,,,,Weiss,u/subliminalwit,Weiss#6969,https://www.dotabuff.com/players/173618719,Ancient,2,Ancient,5,https://i.imgur.com/W5UfeKD.png,No,3,1,4,5,3,dont pick me with a plan to pick rubick. that hero is ass til he gets buffed or meta changes. thx for listen,,4466,4466,65
7/6/2018 12:46:11,EST-MON,,,,,Apogee,Velocity_LP,Apogee#0322,https://www.dotabuff.com/players/76374171,Ancient,2,Ancient,5,https://i.imgur.com/g3BQKto.png,Yes - Division 2,4,5,3,3,3,"Going to TI so there may be a slight grand finals scheduling conflict, though the admins said TI week would be lenient",4391,2373,4391,65
7/6/2018 10:54:17,No (Played mini before),,,,,Pastafarian,PastafarianGames,Pastafarian#7706,https://www.dotabuff.com/players/36780407,Ancient,2,Ancient,5,https://imgur.com/a/uNmrluo,Only if Really Needed,3,3,4,5,5,"Previously played position 2/3/4 for Rainbow Goddamn Unicorns back in Requiem Autumn and position 4 for Spicy Thieves and Six Foot Quintet in Echo League. I don't like flaming or bigotry, ironic or otherwise.",,4332,4332,65
7/2/2018 23:34:13,EST-SUN,,,,,Dark Smoke,Darksmokex probably,Dark Smoke#8800,https://www.dotabuff.com/players/101624657,Ancient,2,Ancient,5,"Ey, I asked matieu how to use imgur while making this and didnt get an answer, im currently 4185 solo and 4348 party, i made a picture of that public on my steam profile, gl guys",No,1,1,1,1,1,im bad at every position and super toxic,4185,4348,4266.5,65
7/3/2018 12:22:52,No (Baambino associate),,,,,steven,Kezariak,steven#3045,https://www.dotabuff.com/players/54432298,Ancient,5,Ancient,5,https://imgur.com/NIq8GXp,No,2,2,2,5,5,please god just make me support,2582,4845,3713.5,65
7/9/2018 10:36:00,EST-SUN,,,,,Detective John Kimble,spankybrooks,SpankyBrooks,https://www.dotabuff.com/players/17508857,Ancient,4,Ancient,5,,No,5,5,5,3,3,"Hello this is my second season of R2DL. I dont really mind what position I play but would prefer 1,2, or 3. Leaning towards 3 this season but I dont mind others. I would prefer to be around players that can relax and just play and learn. ",,,#DIV/0!,65
7/9/2018 14:56:45,EST-MON,,,,,TheOriginalFeeder,OGFeed,TheOGFeeder#9808,https://www.dotabuff.com/players/142153176,Ancient,1,Ancient,5,https://imgur.com/a/S47iR8h,No,1,4,3,3,3,"Want to play mid if possible, will play 3/4/5 if div 2 i guess. ",,,#DIV/0!,65
7/9/2018 15:27:41,EST-SUN,,,,,Optic.Loves,troublemakerlore,PMA PLAYER #8325,https://www.dotabuff.com/players/116286230,Ancient,3,Ancient,5,,Yes - Division 2,4,4,3,3,1,13-3 first seed est-sun last season. Lost in playoffs (Without me). Won mid vs a divine in all star game. LoST CUZ TORN bought a fucking rapier (he was legion jungle might I add).  I like memes and winning dota. I dislike having terrible teammates and inadequate captains. I also hate it when the head admin tells people who to pick during draft and therefore screwing over that person's fucking season *cough cough*. Player COmments for Captains I also dislike cause it's stupid if you want to fuking interview the person just PM on discord you fucking lazy ass mfuker,,,#DIV/0!,65
7/9/2018 17:14:56,EST-MON,,,,,CHAPPY,Charple,Chappy#4993,https://www.dotabuff.com/players/41745070,Ancient,5,Ancient,5,https://i.imgur.com/LGAQEvD.png,No,1,4,2,4,3,"Most likely can't play on weekends, but I can try if given enough notice.",3831,4886,4358.5,65
7/10/2018 17:11:48,EST-SUN,,,,,H.M. ,twicejtrinity,Hitagi#0836,https://www.dotabuff.com/players/177546237,Ancient,5,Ancient,5,https://imgur.com/WTyqtS5,No,5,3,1,2,2,Div 2 ,,,#DIV/0!,65
7/2/2018 18:59:09,EST-MON,,,,,sunshineduck,sunshineduck,ssd#3546,https://www.dotabuff.com/players/42601994,Legend,5,Ancient,4,Dotabuff is accurate,Only if Really Needed,1,1,3,4,5,dezerted fangay and lover of memes,3311,3990,3650.5,64
7/3/2018 17:10:52,EST-MON,,,,,devilesk,devilesk,devilesk#7129,https://www.dotabuff.com/players/55246962,Ancient,5,Ancient,4,https://i.imgur.com/sW3pYbH.jpg,No,2,1,3,4,5,div 4 only,,4931,4931,64
7/3/2018 0:12:56,EST-SUN,,,,,Glotch,glotchbot,Glotch#9908,https://www.dotabuff.com/players/27883968,Ancient,5,Ancient,4,https://i.imgur.com/xYU7sfk.jpg,Only if Really Needed,2,1,1,3,5,"This is the story of a time long ago... a time of myth and legend when the admins were petty and cruel and they plagued RD2L with suffering. Only one man dared to challenge their power. Glotch. Glotch possessed a strength the world had never seen, a strength surpassed only by the power of his heart. He journeyed US East battling the minions of his wicked stepmother ari, the all powerful queen of the admins. But wherever there was evil, wherever an innocent would suffer, there would be, Glotch.",4929,3355,4929,64
7/2/2018 21:00:03,EST-MON,,,,,Lord Forn,Lord Forn,1298,https://dotabuff.com/players/111403838,Ancient,4,Ancient,4,https://imgur.com/wAyFxhV,No,4,3,4,5,4,I am going to be gone for a week and half in the beginning of August.,,4849,4849,64
7/3/2018 12:16:30,EST-MON,,,,,Mattador,ishopliftapples,Mattador#2985,https://www.dotabuff.com/players/85511078,Ancient,4,Ancient,4,https://imgur.com/a/7pbHcC3,No,3,4,4,3,3,"Have a wide hero pool, can play pretty much anything, nearly 7k matches in the trench does that to you... WOULD PREFER OFFLANE OR 4 CAN ALSO MID AS I HAVE IN THE PAST AND OR PLAY A HARD 5 SUPPORT. *Disclaimer* am a EU cuck atm but have decent ping * around 90ms ( better than your average american with comcast or USW player)",4706,3867,4706,64
7/3/2018 9:40:35,EST-MON,,,,,lunaresaeran,Lunares,Lunares#5883,https://www.dotabuff.com/players/77040687,Ancient,3,Ancient,4,https://imgur.com/a/hREsf5b,No,4,1,3,3,3,,4499,,4499,64
7/3/2018 20:43:04,EST-SUN,,,,,MxGuire,MxGuire,MxGuire,https://www.dotabuff.com/players/173836647,Ancient,2,Ancient,4,https://imgur.com/BbcYACJ,No,3,5,2,1,2,,,4285,4285,64
7/5/2018 13:04:53,EST-MON,,,,,NightWhisper,-NightWhisper-,#9013,https://www.dotabuff.com/players/112053075,Legend,5,Ancient,4,https://i.imgur.com/MtN5ANa.png,No,5,2,1,1,1,Pos1,,4095,4095,64
7/2/2018 20:30:42,PST-SUN,,,,,Michael J Jackson,mjjdota,michaeljjackson#2149,https://www.dotabuff.com/players/66198763,Legend,5,Ancient,4,https://i.imgur.com/IW0OTpa.jpg,Only if Really Needed,1,2,2,3,2,"Dont believe Valve. They are trying to sell Richard Garfield and Icefrog as two different people. But if you include his middle name and rearrange the letters it becomes ""I am Lord and Herald Icefrog"". we need to get the word out there that it's only one genius designing these games, not two.",,4065,4065,64
7/9/2018 21:05:29,SEAL,,,,,Clare,Snakewing?,Teresa#5900,https://www.dotabuff.com/players/102264839,Ancient,4,Ancient,4,https://i.imgur.com/a0wKhss.png,Yes - Division 3,3,1,3,5,4,I AM FUCKING BOOSTED AYYYY LMAOOOOOO,,4696,4696,64
7/10/2018 19:12:32,EST-MON,,,,,Axosh,Axosh,Axosh#1788,https://www.dotabuff.com/players/87867862,Ancient,3,Ancient,4,,Only if Really Needed,2,2,3,4,4,"It's me, ur anti-value pick",,,#DIV/0!,64
7/10/2018 20:15:55,EST-MON,,,,,NTG™,NTGchrono,NTG #3327,https://www.dotabuff.com/players/9448727,Ancient,2,Ancient,4,,Only if Really Needed,3,2,4,3,3,,4401,,4401,64
7/11/2018 0:26:34,No (RD2L FA),,,,,https://steamcommunity.com/id/halfcast/home,halfcastdota,237442869994979339,https://www.dotabuff.com/players/314264248,Ancient,1,Ancient,4,https://imgur.com/QIJ5uFT,Only if Really Needed,5,3,4,4,1,"can draft but cant shotcall, pretty big hero pool, mainly play position 1 but can 3 or 4",4181,,4181,64
7/11/2018 1:02:29,EST-MON,,,,,Floof Ball Pupper,ipahndah,Kizu#7502,https://www.dotabuff.com/players/100579655,Ancient,1,Ancient,4,https://i.imgur.com/RGO2xx6.png,No,3,1,4,3,3,Offlaner primarily :radioactive: Lala-god boosted me to A4 after we won 4? pre-nerf challenge tokens in a roll.,4071,4113,4092,64
7/3/2018 1:16:27,EST-MON,,,,,gl0ryus,gl0ryus,danb#6969,http://www.dotabuff.com/players/49985589,Ancient,3,Ancient,3,https://i.imgur.com/D9OJH5k.jpg,No,4,2,3,3,5,hi xd,4527,3954,4527,63
7/4/2018 0:59:32,EST-SUN,,,,,GAFF,TheGAFF,GAFF#1337,https://www.dotabuff.com/players/124017691,Ancient,1,Ancient,3,https://i.imgur.com/u8LF5L0.png,No,3,3,3,3,3,"Available everyday at 9PM EST unless in conflict with regular RD2L season. No position preference, but I do have a garbage hero pool in all roles, so checking what heroes I have played lately may be a good idea.",4289,,4289,63
7/2/2018 19:42:14,PST-SUN,,,,,비빔밥,nykarien,Cam#3153,https://www.dotabuff.com/players/178434754,Ancient,1,Ancient,3,https://imgur.com/LIZM6EN,No,3,5,1,2,1,,3809,4273,4041,63
7/4/2018 10:03:26,PST-SUN,,,,,Sharingan,Sharingan94,#0879,https://www.dotabuff.com/players/141129174,Legend,1,Ancient,3,https://imgur.com/a/yI9aSiu,Only if Really Needed,4,4,4,5,3,Some really old montages of me : https://www.youtube.com/watch?v=vowvd9oyshM&list=PLuYHJ-mfz5h2PYn0P6M3ErghTtvWn7f5n,,3336,3336,63
7/10/2018 17:52:59,PST-SUN,,,,,iTz_SLammi,iTz_SLammi,SLammi#0984,https://www.dotabuff.com/players/86745871,Ancient,3,Ancient,3,,No,2,2,3,2,3,,,,#DIV/0!,63
7/11/2018 12:20:05,EST-SUN,,,,,Cloudy,deadinsidedota,Cloudy #9384,https://www.dotabuff.com/players/142394589,Ancient,1,Ancient,3,https://gyazo.com/35664251bbbb7293a8aa90687168b394,Only if Really Needed,5,3,1,3,3,:v,,,#DIV/0!,63
7/2/2018 19:00:39,EST-MON,,,,,Aljex,Aljex13,Aljex#7280,https://www.dotabuff.com/players/82556620,Ancient,1,Ancient,2,https://i.imgur.com/Kvj9qWB.png,Only if Really Needed,4,4,5,4,1,Best role is offlane but I really want to play mid,4162,4080,4162,62
7/8/2018 22:18:01,EST-MON,,,,,Dr. UndoneJin,UndoneJin,UndoneJin#5928,https://www.dotabuff.com/players/65444229,Ancient,1,Ancient,2,https://i.imgur.com/Avspu3v.png,Only if Really Needed,2,3,3,5,4,"Primarily 4/5 player, play a few heroes mid/off. I have a relatively strong hero pool at support, though I tend to play fewer off-meta heroes. I've primarily played as roamer/offlane support in recent events, including Mon-EST this season of RD2l. Typically am available all weeknights though I do get home from work as late as 830PM EDT though more typically its 630-7PM. ",,,#DIV/0!,62
7/9/2018 15:45:42,No (Cuzi associate),,,,,Fudge,Don't have Reddit account,Fudge#1294,https://www.dotabuff.com/players/304345321,Ancient,3,Ancient,2,https://imgur.com/a/ugUs1Cx,Only if Really Needed,3,1,3,5,4,,3728,4481,4104.5,62
7/11/2018 22:28:49,EST-SUN,,,,,ladthedotoplayer,ladthealmighty,#8734,https://www.dotabuff.com/players/310676057,Ancient,2,Ancient,2,https://imgur.com/a/3S1nX48,No,2,2,3,3,3,,,,#DIV/0!,62
7/4/2018 14:09:20,EST-SUN,,,,,Yerbad,YerbadGaming,Yerbad#8447,https://www.dotabuff.com/players/41392326,Unranked,0,Ancient,1,,Only if Really Needed,1,1,5,4,3,"I'm that guy that likes to play Centaur. Please expect something between Ancient and Crusader to be my actual skill level, my highest medal might be slightly misleading.",,,#DIV/0!,61
7/2/2018 19:34:14,PST-SUN,,,,,Soranos,Lord_Soranos,Soranos#4491,https://www.dotabuff.com/players/108895062,Legend,4,Ancient,1,https://imgur.com/8NhgITC,No,2,2,5,4,5,"I won mini div 4 last season playing offlane, that was pretty cool.",,3921,3921,61
7/2/2018 20:53:14,EST-MON,,,,,sickolucker,sickestlucker,target#8912,https://www.dotabuff.com/players/99410301,Legend,4,Ancient,1,https://gyazo.com/1592d7b5b6da2c9982c5e326d09147e0,Yes - Division 3,4,4,4,1,3,Hi,3743,3905,3824,61
7/4/2018 19:29:37,No (Wise associate),,,,,Bear,Bear,Bear#0666,https://www.dotabuff.com/players/54268198,Legend,3,Ancient,1,https://i.imgur.com/lHKZGc2.jpg,No,3,1,3,4,5,"On holiday from 20-24th then starting working again from 25th on Saturdays, Sundays and Mondays.",3663,3047,3663,61
7/9/2018 19:23:51,EST-SUN,,,,,A Russian Bus,A Russian Bus,GOTARD #7749,https://www.dotabuff.com/players/63826303,Legend,5,Ancient,1,https://imgur.com/a/KgEWkIv,No,4,2,3,3,5,Me gotard me like play dota me play whatever role,4057,,4057,61
7/11/2018 23:05:33,EST-MON,,,,,!Saul,JC_Parkour,Saulerino,https://www.dotabuff.com/players/216650131,Ancient,1,Ancient,1,https://imgur.com/a/b7blrcc,No,4,5,3,3,1,Middle lane gamer,,,#DIV/0!,61
7/8/2018 13:10:50,PST-SUN,,,,,whiskeystrike,whiskeystrike,whiskeystrike#2287,https://www.dotabuff.com/players/98006962,Ancient,3,Ancient,0,https://i.imgur.com/yCToZ65.png,No,3,2,4,3,3,flex player,4516,3354,4516,60
7/10/2018 10:34:29,No (Aljex associate),,,,,adanps,Adanps,Adanps#2895,https://www.dotabuff.com/players/81508949,Unranked,0,Legend,5,,No,4,3,4,2,1,,,,#DIV/0!,55
7/12/2018 0:13:32,PST-SUN,,,,,キZend,in_deference,Zend,https://www.dotabuff.com/players/77959947,Legend,2,Legend,5,https://imgur.com/LfSJN7X,Only if Really Needed,1,4,1,5,5,Im the best support player below 4.322k mmr,,,#DIV/0!,55
7/3/2018 9:20:34,EST-SUN,,,,,Joel Warlord,JoelWarlord,Joel Warlord#2079,https://www.dotabuff.com/players/27531419,Legend,3,Legend,5,https://imgur.com/C8C3u30,No,2,1,4,4,5,"Played S13/14 in EST Sun, I'm most comfortable on 5 but fine as a 4 and could adjust to 3 if needed. Should be available most days for scrims/matches throughout the season.",3694,2106,3694,55
7/9/2018 0:15:32,EST-SUN,,,,,Dr.Zzzzzz,-,Dr.Zzzz #1374,https://www.dotabuff.com/players/83430914,Legend,4,Legend,5,https://imgur.com/a/ic5I7uc,No,3,5,2,2,2,"Decent mid, want to learn mid more.",,,#DIV/0!,55
7/2/2018 21:37:58,EST-MON,,,,,Keg,Craiglekinz@gmail.com,Keg#3824,https://www.dotabuff.com/players/122795068,Legend,3,Legend,4,,Only if Really Needed,5,3,4,4,3,"I come from a pos 3-4 background but have recently picked up the carry role in my pubs with great success. Mainly abusing hero powerspikes with early tempo setters like pl diffusal, Ursa blink, etc. I play offlane on my Monday team and pos 4 on my Wednesday team. I'm a big fan of lycan, pl, mk, visage, ursa, and faceless. Pick me if you want to end before 30 minutes :)",,,#DIV/0!,54
7/7/2018 19:54:36,EST-SUN,,,,,MAchoo,Machoo43,Machoo43#1035,https://www.dotabuff.com/players/155713765,Legend,3,Legend,4,https://imgur.com/a/oRMl9VK,No,1,1,1,1,1,:),3663,,3663,54
7/4/2018 16:08:38,EST-MON,,,,,Tree,treedota,@Tree#0722,https://www.dotabuff.com/players/53806623,Legend,2,Legend,4,https://imgur.com/a/jrgWmkx,Only if Really Needed,4,2,2,5,4,I support or carry.  My only mids are potm and techies.,3621,,3621,54
7/2/2018 21:04:57,PST-SUN,,,,,Biggest of Fellas,TurboMan9189,Big Fella#6068,https://www.dotabuff.com/players/121424656,Legend,1,Legend,4,https://imgur.com/a/CpmlRzL,No,3,3,1,4,4,Y'al'ready know it's the biggest of fellas here. If I'm not on a team with Large Michael this season I throw thx,3279,3429,3354,54
7/9/2018 18:20:11,EST-MON,,,,,Medic,RaidbossMedic,Medic#0002,https://www.dotabuff.com/players/62386459,Unranked,0,Legend,4,https://imgur.com/a/C4OlCSH,No,3,1,5,4,3,Been playing offlane for S14 so its most comfortable,,,#DIV/0!,54
7/9/2018 23:32:20,PST-SUN,,,,,Leoj,LLeoj,Leoj#3502,https://www.dotabuff.com/players/32990822,Legend,2,Legend,4,https://imgur.com/a/B0i9Tte,Only if Really Needed,4,1,2,4,3,,3328,3598,3463,54
7/3/2018 12:22:26,No (SEAL associate),,,,,evillunch2,evillunch2,evillunch2#8850,https://www.dotabuff.com/players/35449653,Unranked,0,Legend,3,,Only if Really Needed,4,4,3,4,4,"I mostly play mid if I'm solo queing or queing with friends around the same MMR as me. If playing with stronger teammates, I usually pick a support, and most supports I can play proficiently. ",,,#DIV/0!,53
7/2/2018 19:14:41,EST-MON,,,,,Cam,thecamned,cam#6889,https://www.dotabuff.com/players/86235538,Legend,1,Legend,3,https://imgur.com/H3l3cGI,No,3,2,3,2,4,I need frends :(,3372,3035,3372,53
7/4/2018 9:18:46,EST-SUN,,,,,JBay7,JBay7,JBay7#7289,https://www.dotabuff.com/players/181567803,Legend,1,Legend,2,https://imgur.com/a/sd6d65w,No,2,1,4,5,4,poe player here,3474,3357,3474,52
7/2/2018 18:58:48,EST-SUN,,,,,Mertank,Mertank,Mertank#4029,https://www.dotabuff.com/players/87211503,Unranked,0,Legend,2,Still uncalibrated. Was ~3350 before reset,No,3,2,3,4,4,Fantasy genius. Mediocre dota 2 player,,,#DIV/0!,52
7/9/2018 12:17:33,PST-SUN,,,,,bsvhsvj,Lueron_,bsvhsvj#2691,https://www.dotabuff.com/players/67739802,Archon,5,Legend,2,https://i.imgur.com/UiWPHg9.png,Only if Really Needed,3,2,3,4,4,"currently playing 4/5 in PST-SUN, looking to improve at dota, hope you consider me! also i'm from australia so if you want a nice accent in your team i'm the go to pick i'm sure",3148,,3148,52
7/9/2018 20:45:38,EST-SUN,,,,,Mr. Perfect,Bart2343,iamperfection,https://www.dotabuff.com/players/7568161,Archon,3,Legend,2,https://imgur.com/a/bgchR8K,No,1,2,3,5,5,V A L U E  P I C K ,,2945,2945,52
7/11/2018 16:36:37,EST-SUN,,,,,TheJohan,aaspammer,TheJohan#8974,https://www.dotabuff.com/players/335855616,Archon,4,Legend,1,https://imgur.com/rdyRQlO,No,3,1,4,3,5,"I play pretty much every hero competently from randoming a couple thousand matches in a row (before they ruined randoming). Captained both in est-sun and flex this season to bad results due to various factors outside of my control (team internet issues, team attendance issues, lack of in-game leader on one team). I prefer position 5 or offlane, but can play 4 in a 2-1-2 setup and have had a couple carry lessons from NEAR-God. I am available pretty much any night as long as I have a day or so heads up.",,,#DIV/0!,51
7/3/2018 1:17:38,EST-MON,,,,,afiresword,afiresword,afiresword #1865,https://www.dotabuff.com/players/82759276,Unranked,0,Legend,1,https://i.imgur.com/nwBEgaw.jpg,No,4,1,1,5,5,"Can play carry or support, relatively open schedule  ",,,#DIV/0!,51
7/2/2018 19:36:03,EST-SUN,,,,,Sabo,punkssatisfied,Sabo#0973,https://www.dotabuff.com/players/93027132,Archon,3,Archon,5,https://imgur.com/a/S9MIjJr,No,2,1,3,4,5,Pos 5 on Phase team. Pma and always willing to learn.,2196,2877,2536.5,45
7/2/2018 21:03:58,EST-SUN,,,,,onegu85,none,onegu#5466,https://www.dotabuff.com/players/232522342,Archon,1,Archon,4,https://imgur.com/a/WrLbIHl,No,2,2,4,3,4,I hate solo mmr...  I am value.  ,1494,2489,1991.5,44
7/10/2018 14:51:03,PST-SUN,,,,,Adorl,adorl,adorl#7908,https://www.dotabuff.com/players/71302974,Unranked,0,Crusader,5,,No,2,2,1,4,4,"I am almost 2k players pls love me. Regularly play with Legends, I hate being the 5, but I buy many wards. pls.", ,, ,35
7/9/2018 22:20:33,SEAL,,,,,Bowl,owl_egg,bowl,https://www.dotabuff.com/players/43940578,Unranked,0,Crusader,4,didnt calibrate yet but im 1k :-),No,1,1,1,1,1,"Looking for a strong, gentle captain to guide this bowl.",,,#DIV/0!,34
7/7/2018 13:50:47,EST-MON,,,,,GD,goldendragon819,9925,https://www.dotabuff.com/players/87164528,Crusader,5,Unranked,0,https://i.imgur.com/i5wfKSC.jpg,Only if Really Needed,3,2,2,4,5,,2366,,2366,0